payment_id,customer_name,amount,currency,payment_date,gateway,created_at
P0051,Apollo Hospitals Ent,147600.00,INR,2026-08-16,STRIPE_IN,2026-08-23 19:01:09.650006+00:00
P0053,Reliance Retail Ltd,15200.00,INR,2026-08-16,STRIPE_IN,2026-08-23 19:01:09.650086+00:00
P0092,Flipkart Internet Pvt Ltd,109600.00,INR,2026-08-16,STRIPE_IN,2026-08-23 19:01:09.651894+00:00
P0110,Zerodha Broking Ltd,94200.00,INR,2026-08-16,RAZORPAY,2026-08-23 19:01:09.652700+00:00
P0136,Delhivery Logistics,54200.00,INR,2026-08-16,CASHFREE,2026-08-23 19:01:09.653831+00:00
P0015,Paytm One97 Comm,38400.00,INR,2026-08-15,CASHFREE,2026-08-23 19:01:09.647970+00:00
P0019,Larsen & Toubro Ltd,136600.00,INR,2026-08-15,STRIPE_IN,2026-08-23 19:01:09.648183+00:00
P0024,Larsen & Toubro Ltd,127000.00,INR,2026-08-15,PAYU,2026-08-23 19:01:09.648536+00:00
P0035,Bharti Airtel Ltd,94700.00,INR,2026-08-15,RAZORPAY,2026-08-23 19:01:09.649182+00:00
P0129,Delhivery Logistics,104000.00,INR,2026-08-15,CASHFREE,2026-08-23 19:01:09.653528+00:00
P0131,Titan Company Ltd,54900.00,INR,2026-08-15,CASHFREE,2026-08-23 19:01:09.653610+00:00
P0023,Swiggy Bundl Technologies,144300.00,INR,2026-08-14,RAZORPAY,2026-08-23 19:01:09.648483+00:00
P0026,HDFC Life Insurance,65100.00,INR,2026-08-14,STRIPE_IN,2026-08-23 19:01:09.648669+00:00
P0042,Apollo Hospitals Ent,77500.00,INR,2026-08-14,CASHFREE,2026-08-23 19:01:09.649562+00:00
P0048,Paytm One97 Comm,39000.00,INR,2026-08-14,CASHFREE,2026-08-23 19:01:09.649888+00:00
P0070,Delhivery Logistics,149500.00,INR,2026-08-14,RAZORPAY,2026-08-23 19:01:09.650858+00:00
P0084,Bharti Airtel Ltd,69200.00,INR,2026-08-14,RAZORPAY,2026-08-23 19:01:09.651545+00:00
P0085,Zerodha Broking Ltd,14000.00,INR,2026-08-14,RAZORPAY,2026-08-23 19:01:09.651585+00:00
P0086,Flipkart Internet Pvt Ltd,79500.00,INR,2026-08-14,RAZORPAY,2026-08-23 19:01:09.651654+00:00
P0105,Infosys Technologies,89900.00,INR,2026-08-14,PAYU,2026-08-23 19:01:09.652472+00:00
P0125,Reliance Retail Ltd,76100.00,INR,2026-08-14,PAYU,2026-08-23 19:01:09.653321+00:00
P0127,Nykaa FSN E-Commerce,26600.00,INR,2026-08-14,PAYU,2026-08-23 19:01:09.653448+00:00
P0139,Ola ANI Technologies,75400.00,INR,2026-08-14,PAYU,2026-08-23 19:01:09.653949+00:00
P0009,Delhivery Logistics,30500.00,INR,2026-08-13,RAZORPAY,2026-08-23 19:01:09.647616+00:00
P0012,Paytm One97 Comm,25600.00,INR,2026-08-13,PAYU,2026-08-23 19:01:09.647809+00:00
P0017,Reliance Retail Ltd,69600.00,INR,2026-08-13,PAYU,2026-08-23 19:01:09.648077+00:00
P0088,Apollo Hospitals Ent,71800.00,INR,2026-08-13,PAYU,2026-08-23 19:01:09.651735+00:00
P0089,Flipkart Internet Pvt Ltd,91100.00,INR,2026-08-13,STRIPE_IN,2026-08-23 19:01:09.651774+00:00
P0096,Larsen & Toubro Ltd,106200.00,INR,2026-08-13,STRIPE_IN,2026-08-23 19:01:09.652062+00:00
P0104,Zomato Media Pvt Ltd,52300.00,INR,2026-08-13,STRIPE_IN,2026-08-23 19:01:09.652430+00:00
P0111,Mahindra & Mahindra,141900.00,INR,2026-08-13,STRIPE_IN,2026-08-23 19:01:09.652740+00:00
P0010,Wipro Enterprises,133700.00,INR,2026-08-12,STRIPE_IN,2026-08-23 19:01:09.647691+00:00
P0013,Bharti Airtel Ltd,38300.00,INR,2026-08-12,PAYU,2026-08-23 19:01:09.647862+00:00
P0030,Tata Consultancy Services,27900.00,INR,2026-08-12,PAYU,2026-08-23 19:01:09.648909+00:00
P0062,Infosys Technologies,55000.00,INR,2026-08-12,PAYU,2026-08-23 19:01:09.650494+00:00
P0073,Reliance Retail Ltd,68100.00,INR,2026-08-12,RAZORPAY,2026-08-23 19:01:09.650983+00:00
P0079,Flipkart Internet Pvt Ltd,99200.00,INR,2026-08-12,PAYU,2026-08-23 19:01:09.651227+00:00
P0138,Paytm One97 Comm,67700.00,INR,2026-08-12,CASHFREE,2026-08-23 19:01:09.653910+00:00
P0144,Wipro Enterprises,51500.00,INR,2026-08-12,STRIPE_IN,2026-08-23 19:01:09.677268+00:00
P0016,Delhivery Logistics,49900.00,INR,2026-08-11,RAZORPAY,2026-08-23 19:01:09.648024+00:00
P0018,Flipkart Internet Pvt Ltd,121100.00,INR,2026-08-11,STRIPE_IN,2026-08-23 19:01:09.648130+00:00
P0036,Paytm One97 Comm,18100.00,INR,2026-08-11,RAZORPAY,2026-08-23 19:01:09.649235+00:00
P0057,MakeMyTrip India,120700.00,INR,2026-08-11,PAYU,2026-08-23 19:01:09.650250+00:00
P0059,Wipro Enterprises,98600.00,INR,2026-08-11,RAZORPAY,2026-08-23 19:01:09.650331+00:00
P0066,Urban Company Technologies,48100.00,INR,2026-08-11,STRIPE_IN,2026-08-23 19:01:09.650682+00:00
P0091,Apollo Hospitals Ent,123700.00,INR,2026-08-11,CASHFREE,2026-08-23 19:01:09.651854+00:00
P0093,Ola ANI Technologies,140900.00,INR,2026-08-11,RAZORPAY,2026-08-23 19:01:09.651934+00:00
P0099,Titan Company Ltd,141700.00,INR,2026-08-11,CASHFREE,2026-08-23 19:01:09.652186+00:00
P0103,Zerodha Broking Ltd,73700.00,INR,2026-08-11,RAZORPAY,2026-08-23 19:01:09.652389+00:00
P0126,Ola ANI Technologies,137600.00,INR,2026-08-11,RAZORPAY,2026-08-23 19:01:09.653402+00:00
P0132,Tata Consultancy Services,106200.00,INR,2026-08-11,STRIPE_IN,2026-08-23 19:01:09.653669+00:00
P0141,HDFC Life Insurance,44400.00,INR,2026-08-11,RAZORPAY,2026-08-23 19:01:09.654033+00:00
P0063,Titan Company Ltd,116200.00,INR,2026-08-10,RAZORPAY,2026-08-23 19:01:09.650534+00:00
P0108,Tata Consultancy Services,77000.00,INR,2026-08-10,CASHFREE,2026-08-23 19:01:09.652594+00:00
P0124,Paytm One97 Comm,25800.00,INR,2026-08-10,RAZORPAY,2026-08-23 19:01:09.653281+00:00
P0137,Tata Consultancy Services,24000.00,INR,2026-08-10,STRIPE_IN,2026-08-23 19:01:09.653870+00:00
P0140,Titan Company Ltd,60400.00,INR,2026-08-10,PAYU,2026-08-23 19:01:09.653993+00:00
P0143,MakeMyTrip India,112400.00,INR,2026-08-10,RAZORPAY,2026-08-23 19:01:09.677205+00:00
P0146,Reliance Retail Ltd,118300.00,INR,2026-08-10,STRIPE_IN,2026-08-23 19:01:09.677353+00:00
P0147,HDFC Life Insurance,7500.00,INR,2026-08-10,CASHFREE,2026-08-23 19:01:09.677394+00:00
P0001,HDFC Life Insurance,10100.00,INR,2026-08-09,STRIPE_IN,2026-08-23 19:01:09.642100+00:00
P0005,Titan Company Ltd,125600.00,INR,2026-08-09,RAZORPAY,2026-08-23 19:01:09.647374+00:00
P0006,Apollo Hospitals Ent,74600.00,INR,2026-08-09,STRIPE_IN,2026-08-23 19:01:09.647430+00:00
P0008,Bharti Airtel Ltd,75400.00,INR,2026-08-09,RAZORPAY,2026-08-23 19:01:09.647538+00:00
P0020,Zomato Media Pvt Ltd,55500.00,INR,2026-08-09,CASHFREE,2026-08-23 19:01:09.648236+00:00
P0033,Delhivery Logistics,38800.00,INR,2026-08-09,CASHFREE,2026-08-23 19:01:09.649069+00:00
P0050,Tata Consultancy Services,84900.00,INR,2026-08-09,CASHFREE,2026-08-23 19:01:09.649966+00:00
P0058,Mahindra & Mahindra,53800.00,INR,2026-08-09,CASHFREE,2026-08-23 19:01:09.650291+00:00
P0061,Flipkart Internet Pvt Ltd,108600.00,INR,2026-08-09,STRIPE_IN,2026-08-23 19:01:09.650454+00:00
P0067,Ola ANI Technologies,105000.00,INR,2026-08-09,RAZORPAY,2026-08-23 19:01:09.650722+00:00
P0069,Zomato Media Pvt Ltd,135400.00,INR,2026-08-09,STRIPE_IN,2026-08-23 19:01:09.650802+00:00
P0081,Zerodha Broking Ltd,19200.00,INR,2026-08-09,PAYU,2026-08-23 19:01:09.651418+00:00
P0101,Paytm One97 Comm,135500.00,INR,2026-08-09,CASHFREE,2026-08-23 19:01:09.652265+00:00
P0116,Mahindra & Mahindra,82600.00,INR,2026-08-09,CASHFREE,2026-08-23 19:01:09.652961+00:00
P0133,Flipkart Internet Pvt Ltd,77600.00,INR,2026-08-09,PAYU,2026-08-23 19:01:09.653712+00:00
P0134,Urban Company Technologies,148600.00,INR,2026-08-09,RAZORPAY,2026-08-23 19:01:09.653752+00:00
P0011,Reliance Retail Ltd,140400.00,INR,2026-08-08,PAYU,2026-08-23 19:01:09.647755+00:00
P0021,Larsen & Toubro Ltd,79100.00,INR,2026-08-08,STRIPE_IN,2026-08-23 19:01:09.648365+00:00
P0037,Delhivery Logistics,52100.00,INR,2026-08-08,RAZORPAY,2026-08-23 19:01:09.649288+00:00
P0039,Infosys Technologies,110200.00,INR,2026-08-08,PAYU,2026-08-23 19:01:09.649397+00:00
P0044,Mahindra & Mahindra,27300.00,INR,2026-08-08,STRIPE_IN,2026-08-23 19:01:09.649724+00:00
P0046,Zerodha Broking Ltd,99700.00,INR,2026-08-08,RAZORPAY,2026-08-23 19:01:09.649803+00:00
P0055,Infosys Technologies,143200.00,INR,2026-08-08,CASHFREE,2026-08-23 19:01:09.650170+00:00
P0074,Flipkart Internet Pvt Ltd,144600.00,INR,2026-08-08,RAZORPAY,2026-08-23 19:01:09.651024+00:00
P0077,Apollo Hospitals Ent,142100.00,INR,2026-08-08,PAYU,2026-08-23 19:01:09.651144+00:00
P0097,HDFC Life Insurance,92000.00,INR,2026-08-08,STRIPE_IN,2026-08-23 19:01:09.652102+00:00
P0098,Reliance Retail Ltd,119100.00,INR,2026-08-08,RAZORPAY,2026-08-23 19:01:09.652145+00:00
P0109,Delhivery Logistics,116800.00,INR,2026-08-08,CASHFREE,2026-08-23 19:01:09.652656+00:00
P0130,Zerodha Broking Ltd,71000.00,INR,2026-08-08,RAZORPAY,2026-08-23 19:01:09.653570+00:00
P0135,Flipkart Internet Pvt Ltd,22500.00,INR,2026-08-08,CASHFREE,2026-08-23 19:01:09.653792+00:00
P0003,Tata Consultancy Services,24100.00,INR,2026-08-07,STRIPE_IN,2026-08-23 19:01:09.647257+00:00
P0004,Urban Company Technologies,10400.00,INR,2026-08-07,CASHFREE,2026-08-23 19:01:09.647318+00:00
P0028,Ola ANI Technologies,129700.00,INR,2026-08-07,STRIPE_IN,2026-08-23 19:01:09.648779+00:00
P0034,Delhivery Logistics,146200.00,INR,2026-08-07,PAYU,2026-08-23 19:01:09.649122+00:00
P0041,Nykaa FSN E-Commerce,88300.00,INR,2026-08-07,RAZORPAY,2026-08-23 19:01:09.649503+00:00
P0080,Paytm One97 Comm,9800.00,INR,2026-08-07,CASHFREE,2026-08-23 19:01:09.651301+00:00
P0115,Larsen & Toubro Ltd,72000.00,INR,2026-08-07,CASHFREE,2026-08-23 19:01:09.652921+00:00
P0123,Larsen & Toubro Ltd,86200.00,INR,2026-08-07,RAZORPAY,2026-08-23 19:01:09.653241+00:00
P0142,Swiggy Bundl Technologies,44200.00,INR,2026-08-07,CASHFREE,2026-08-23 19:01:09.654073+00:00
P0027,Tata Consultancy Services,58900.00,INR,2026-08-06,RAZORPAY,2026-08-23 19:01:09.648725+00:00
P0054,Ola ANI Technologies,21400.00,INR,2026-08-06,RAZORPAY,2026-08-23 19:01:09.650129+00:00
P0100,Delhivery Logistics,96300.00,INR,2026-08-06,CASHFREE,2026-08-23 19:01:09.652225+00:00
P0114,Zomato Media Pvt Ltd,99500.00,INR,2026-08-06,RAZORPAY,2026-08-23 19:01:09.652881+00:00
P0121,Zerodha Broking Ltd,80500.00,INR,2026-08-06,RAZORPAY,2026-08-23 19:01:09.653161+00:00
P0128,Zomato Media Pvt Ltd,94100.00,INR,2026-08-06,PAYU,2026-08-23 19:01:09.653488+00:00
P0148,Titan Company Ltd,74700.00,INR,2026-08-06,RAZORPAY,2026-08-23 19:01:09.677447+00:00
P0032,Infosys Technologies,114000.00,INR,2026-08-05,STRIPE_IN,2026-08-23 19:01:09.649016+00:00
P0040,Flipkart Internet Pvt Ltd,115400.00,INR,2026-08-05,CASHFREE,2026-08-23 19:01:09.649450+00:00
P0045,Delhivery Logistics,96800.00,INR,2026-08-05,CASHFREE,2026-08-23 19:01:09.649764+00:00
P0065,HDFC Life Insurance,26900.00,INR,2026-08-05,PAYU,2026-08-23 19:01:09.650628+00:00
P0071,Infosys Technologies,146500.00,INR,2026-08-05,RAZORPAY,2026-08-23 19:01:09.650898+00:00
P0072,MakeMyTrip India,118100.00,INR,2026-08-05,CASHFREE,2026-08-23 19:01:09.650938+00:00
P0075,Delhivery Logistics,88200.00,INR,2026-08-05,STRIPE_IN,2026-08-23 19:01:09.651064+00:00
P0094,Paytm One97 Comm,45700.00,INR,2026-08-05,RAZORPAY,2026-08-23 19:01:09.651982+00:00
P0145,Tata Consultancy Services,150000.00,INR,2026-08-05,PAYU,2026-08-23 19:01:09.677311+00:00
P0025,Tata Consultancy Services,144300.00,INR,2026-08-04,PAYU,2026-08-23 19:01:09.648590+00:00
P0043,Reliance Retail Ltd,142900.00,INR,2026-08-04,RAZORPAY,2026-08-23 19:01:09.649683+00:00
P0060,Titan Company Ltd,132200.00,INR,2026-08-04,RAZORPAY,2026-08-23 19:01:09.650409+00:00
P0064,Wipro Enterprises,140800.00,INR,2026-08-04,STRIPE_IN,2026-08-23 19:01:09.650574+00:00
P0087,Mahindra & Mahindra,140800.00,INR,2026-08-04,PAYU,2026-08-23 19:01:09.651696+00:00
P0120,Zomato Media Pvt Ltd,101900.00,INR,2026-08-04,STRIPE_IN,2026-08-23 19:01:09.653121+00:00
P0002,Zomato Media Pvt Ltd,25900.00,INR,2026-08-03,CASHFREE,2026-08-23 19:01:09.647118+00:00
P0007,Mahindra & Mahindra,25900.00,INR,2026-08-03,CASHFREE,2026-08-23 19:01:09.647483+00:00
P0014,Zerodha Broking Ltd,148700.00,INR,2026-08-03,STRIPE_IN,2026-08-23 19:01:09.647916+00:00
P0031,Reliance Retail Ltd,54300.00,INR,2026-08-03,RAZORPAY,2026-08-23 19:01:09.648962+00:00
P0038,Reliance Retail Ltd,51800.00,INR,2026-08-03,RAZORPAY,2026-08-23 19:01:09.649344+00:00
P0095,Nykaa FSN E-Commerce,130100.00,INR,2026-08-03,CASHFREE,2026-08-23 19:01:09.652022+00:00
P0102,Zerodha Broking Ltd,95000.00,INR,2026-08-03,PAYU,2026-08-23 19:01:09.652305+00:00
P0118,Paytm One97 Comm,138100.00,INR,2026-08-03,RAZORPAY,2026-08-23 19:01:09.653039+00:00
P0149,Nykaa FSN E-Commerce,28300.00,INR,2026-08-03,CASHFREE,2026-08-23 19:01:09.677489+00:00
P0022,Nykaa FSN E-Commerce,23600.00,INR,2026-08-02,RAZORPAY,2026-08-23 19:01:09.648429+00:00
P0047,Delhivery Logistics,25000.00,INR,2026-08-02,RAZORPAY,2026-08-23 19:01:09.649842+00:00
P0049,Flipkart Internet Pvt Ltd,87100.00,INR,2026-08-02,STRIPE_IN,2026-08-23 19:01:09.649927+00:00
P0052,Wipro Enterprises,49500.00,INR,2026-08-02,RAZORPAY,2026-08-23 19:01:09.650045+00:00
P0056,MakeMyTrip India,55400.00,INR,2026-08-02,RAZORPAY,2026-08-23 19:01:09.650210+00:00
P0068,Apollo Hospitals Ent,61600.00,INR,2026-08-02,RAZORPAY,2026-08-23 19:01:09.650762+00:00
P0078,HDFC Life Insurance,83300.00,INR,2026-08-02,CASHFREE,2026-08-23 19:01:09.651188+00:00
P0083,MakeMyTrip India,59300.00,INR,2026-08-02,RAZORPAY,2026-08-23 19:01:09.651505+00:00
P0106,Titan Company Ltd,90100.00,INR,2026-08-02,STRIPE_IN,2026-08-23 19:01:09.652513+00:00
P0150,Infosys Technologies,123100.00,INR,2026-08-02,STRIPE_IN,2026-08-23 19:01:09.677529+00:00
P0029,Swiggy Bundl Technologies,115400.00,INR,2026-08-01,PAYU,2026-08-23 19:01:09.648854+00:00
P0076,Swiggy Bundl Technologies,89400.00,INR,2026-08-01,STRIPE_IN,2026-08-23 19:01:09.651104+00:00
P0082,Delhivery Logistics,72800.00,INR,2026-08-01,RAZORPAY,2026-08-23 19:01:09.651464+00:00
P0090,Wipro Enterprises,88100.00,INR,2026-08-01,PAYU,2026-08-23 19:01:09.651815+00:00
P0107,Larsen & Toubro Ltd,124600.00,INR,2026-08-01,CASHFREE,2026-08-23 19:01:09.652554+00:00
P0112,Zomato Media Pvt Ltd,132400.00,INR,2026-08-01,CASHFREE,2026-08-23 19:01:09.652780+00:00
P0113,MakeMyTrip India,140700.00,INR,2026-08-01,RAZORPAY,2026-08-23 19:01:09.652826+00:00
P0117,Infosys Technologies,101300.00,INR,2026-08-01,RAZORPAY,2026-08-23 19:01:09.653000+00:00
P0119,Paytm One97 Comm,45800.00,INR,2026-08-01,STRIPE_IN,2026-08-23 19:01:09.653080+00:00
P0122,Wipro Enterprises,27100.00,INR,2026-08-01,PAYU,2026-08-23 19:01:09.653202+00:00
